Ref,Val,Package,PosX,PosY,Rot,Side
"H2","MountingHole_Pad","MountingHole_2.2mm_M2_Pad_Via",-140.702500,-57.255000,180.000000,bottom
"B1","PESD5V5C1BLYL","PESD5V5C1BLYL",124.770000,-73.780000,-90.000000,top
"B2","PESD5V5C1BLYL","PESD5V5C1BLYL",205.759000,-73.560000,-90.000000,top
"B3","PESD5V5C1BLYL","PESD5V5C1BLYL",193.421716,-109.590000,45.000000,top
"B4","PESD5V5C1BLYL","PESD5V5C1BLYL",133.970000,-106.990000,-45.000000,top
"B5","PESD5V5C1BLYL","PESD5V5C1BLYL",148.510000,-103.800000,90.000000,top
"BT1","BS-07-A1BJ001","BatteryHolder_MYOUNG_BS-07-A1BJ001_CR2032",152.232546,-103.460000,0.000000,top
"C1","100n 50V","CAPC1005X04L",126.510000,-74.360000,-90.000000,top
"C2","100n 50V","CAPC1005X04L",130.590000,-74.370000,-90.000000,top
"C3","TBD","CAPC1005X04L",128.800000,-77.400000,90.000000,top
"C4","TBD","CAPC1005X04L",128.810000,-79.910000,90.000000,top
"C5","100n 50V","CAPC1005X04L",203.250000,-68.520000,0.000000,top
"C6","TBD","CAPC1005X04L",203.220000,-80.530000,0.000000,top
"C7","TBD","CAPC1005X04L",203.200000,-76.770000,180.000000,top
"C8","100n 50V","CAPC1005X04L",134.030000,-59.040000,180.000000,top
"C9","10u 25V","CAPC1608X06L",133.060000,-78.380000,90.000000,top
"C10","10u 25V","CAPC1608X06L",139.658193,-78.368151,90.000000,top
"C11","100n 50V","CAPC1608X06L",141.250000,-78.380000,90.000000,top
"C12","100n 50V","CAPC1005X04L",192.145608,-108.546114,45.000000,top
"C13","100n 50V","CAPC1005X04L",199.623999,-90.150000,180.000000,top
"C14","100n 50V","CAPC1005X04L",134.900000,-105.810000,-45.000000,top
"C15","100n 50V","CAPC1005X04L",199.620000,-58.940000,180.000000,top
"C16","100n 50V","CAPC1005X04L",136.490000,-47.666356,-135.000000,top
"C17","100n 50V","CAPC1005X04L",196.340000,-50.390000,135.000000,top
"C18","10u 50V","CAPC2012X11L",148.160000,-101.120000,90.000000,top
"D2","SS54FSH","SODFL4725X110N",203.250500,-72.510000,90.000000,top
"D3","YLED0402R","LED_0402_RED",141.870000,-60.780000,180.000000,top
"D4","16-213/GHC-YR1S1/3T","LED_0402_GREEN",141.860000,-52.408250,180.000000,top
"D5","SS54FSH","SODFL4725X110N",139.200000,-48.070000,45.000000,top
"D6","SS54FSH","SODFL4725X110N",196.060000,-53.010000,-45.000000,top
"FB1","BLM18AG601SN1D","FB_0603",128.580000,-74.870000,0.000000,top
"H1","MountingHole_Pad","MountingHole_2.2mm_M2_Pad_Via",199.202500,-78.610000,0.000000,top
"H3","MountingHole_Pad","MountingHole_2.2mm_M2_Pad_Via",140.702500,-99.965000,0.000000,top
"H4","MountingHole_Pad","MountingHole_2.2mm_M2_Pad_Via",188.530000,-93.920000,0.000000,top
"J1","TYPE-C-31-M-12","HRO_TYPE-C-31-M-12",118.200000,-78.640000,-90.000000,top
"J2","TYPE-C-31-M-12","HRO_TYPE-C-31-M-12",212.340000,-78.630000,90.000000,top
"J3","PZ254V-12-14P","PZ254V-12-14P",172.580000,-124.900000,0.000000,top
"J5","SM04B-SRSS-TB","CONN_SM04B-SRSS-TB_JST",132.659745,-111.010255,135.000000,top
"J6","SM04B-SRSS-TB","CONN_SM04B-SRSS-TB_JST",132.449745,-46.470000,45.000000,top
"J7","SM04B-SRSS-TB","CONN_SM04B-SRSS-TB_JST",197.780000,-46.170000,-45.000000,top
"J8","SM04B-SRSS-TB","CONN_SM04B-SRSS-TB_JST",197.580255,-111.140255,-135.000000,top
"Q1","AO3401A","SOT-23-3L_AOS",190.820912,-115.785136,0.000000,top
"Q2","2N7002","SOT95P240X111-3N",186.953879,-115.972612,-90.000000,top
"Q3","2N7002","SOT95P240X111-3N",125.047500,-101.950000,-90.000000,top
"Q4","AO3401A","SOT-23-3L_AOS",129.250000,-101.810000,0.000000,top
"R1","5k1","RESC1005X04L",120.220000,-73.160000,0.000000,top
"R2","5k1","RESC1005X04L",120.240000,-84.050000,0.000000,top
"R3","22R","RESC1005X04L",127.200000,-77.900000,0.000000,top
"R4","22R","RESC1005X04L",127.210000,-79.390000,0.000000,top
"R5","15k 1%","RESC1005X04L",136.590000,-81.100000,0.000000,top
"R6","10k","RESC1005X04L",134.030080,-57.967848,180.000000,top
"R7","22R","RESC1005X04L",203.210000,-79.390000,180.000000,top
"R8","22R","RESC1005X04L",203.200000,-77.880000,180.000000,top
"R9","1k","RESC1005X04L",141.860000,-62.160000,0.000000,top
"R10","1k","RESC1005X04L",141.860000,-53.740000,0.000000,top
"R11","100k","RESC1005X04L",190.813412,-118.568936,0.000000,top
"R12","100k","RESC1005X04L",186.483412,-113.218936,0.000000,top
"R13","33R","RESC1005X04L",196.217500,-101.610000,90.000000,top
"R14","33R","RESC1005X04L",188.067500,-101.610000,90.000000,top
"R15","100k","RESC1005X04L",190.527500,-101.660000,90.000000,top
"R16","100k","RESC1005X04L",182.397500,-101.640000,90.000000,top
"R17","100k","RESC1005X04L",124.597500,-99.370000,0.000000,top
"R18","100k","RESC1005X04L",129.297500,-104.680000,0.000000,top
"R19","10k","RESC1005X04L",136.150000,-108.450000,-45.000000,top
"R20","4k7","RESC1005X04L",133.320000,-51.110000,-135.000000,top
"R21","4k7","RESC1005X04L",134.083842,-51.859202,-135.000000,top
"R22","10k","RESC1005X04L",199.620000,-88.730000,180.000000,top
"R23","10k","RESC1005X04L",199.640000,-57.750000,180.000000,top
"R24","12k","RESC1005X04L",210.270000,-84.220000,180.000000,top
"R25","12k","RESC1005X04L",210.270000,-73.090000,180.000000,top
"SB1","solderbridge","Solderbridge",142.139830,-71.675942,180.000000,top
"SB2","solderbridge","Solderbridge",142.160170,-73.430000,180.000000,top
"SW1","Tactile Switch","PTS815",132.290000,-61.865000,0.000000,top
"SW2","Tactile Switch","PTS815",197.870000,-92.920000,0.000000,top
"SW3","Tactile Switch","PTS815",197.870000,-61.960000,0.000000,top
"TP1","TP_SMD_D1.5mm","TP_SMD_D1.5mm",136.290000,-70.390000,0.000000,top
"TP2","TP_SMD_D1.5mm","TP_SMD_D1.5mm",190.930000,-106.630000,0.000000,top
"TP5","TP_SMD_D1.5mm","TP_SMD_D1.5mm",186.984017,-111.240000,180.000000,top
"TP6","TP_SMD_D1.5mm","TP_SMD_D1.5mm",125.087500,-97.570000,180.000000,top
"TP7","TP_SMD_D1.5mm","TP_SMD_D1.5mm",136.670000,-104.750000,0.000000,top
"TP10","TP_SMD_D1.5mm","TP_SMD_D1.5mm",126.140000,-54.620000,0.000000,top
"TP11","TP_SMD_D1.5mm","TP_SMD_D1.5mm",128.250000,-52.370000,0.000000,top
"TP12","TP_SMD_D1.5mm","TP_SMD_D1.5mm",189.450000,-51.480000,0.000000,top
"TP13","TP_SMD_D1.5mm","TP_SMD_D1.5mm",191.190000,-53.080000,0.000000,top
"U1","USBLC6-2SC6Y","SOT23-6L_STM",127.190000,-86.020200,90.000000,top
"U2","SC1556","MODULE_CM5002000",165.214156,-61.865405,90.000000,top
"U3","USBLC6-2SC6Y","SOT23-6L_STM",203.230000,-86.020200,90.000000,top
"U5","AP22653W6-7","SOT95P280X145-6N",136.590000,-78.630000,0.000000,top
"U6","SN74AHCT1G125DBVR","SOT95P280X145-5N",193.355000,-101.160000,0.000000,top
"U7","SN74AHCT1G125DBVR","SOT95P280X145-5N",185.275000,-101.160000,0.000000,top
